{"train_losses": [0.11476787165650781, 0.08022515813134751, 0.06355023131055652, 0.0058365433239641615, 0.001990617538433311, 0.0008131680726776567, 0.00039148965316719185, 0.0002998488912367666, 0.00027189174318853064, 0.0002535277041870187, 0.00025067167034820777, 0.00024162313433030163, 0.00024645436469483066, 0.0002448600066171186, 0.00023479723642835006, 0.00023341423585870356, 0.0002329172374337982, 0.00023459026920565247, 0.000244529351958882, 0.00023877920576300963, 0.0002288819114427205, 0.00022719021313296595, 0.00023122745558382276, 0.00022956401132758847, 0.00022423604612001482], "val_losses": [0.08475185744464397, 0.07138090208172798, 0.016541159168506663, 0.0034801282842333117, 0.0013112679589539766, 0.0005720513048193728, 0.0003262778457913858, 0.0002899518246219183, 0.0002639950980665162, 0.00025182048193528317, 0.0002491848172212485, 0.00025339381803253974, 0.00023943823180161417, 0.0002753970499422091, 0.0002424219019303564, 0.0002722527424339205, 0.00024761041155822266, 0.0002291887576575391, 0.00027127825645341847, 0.0002600339163715641, 0.00023778164055935727, 0.0002376202198017078, 0.00026899256893860485, 0.00022091024705635695, 0.00023657640000844063], "val_ssim": [0.3915766523561397, 0.4115358477557497, 0.5908773536437159, 0.6550491186571711, 0.7083920404176862, 0.7261158555806494, 0.7327828806729869, 0.7354746736749497, 0.7371557860752974, 0.7394128541680773, 0.7408252997513602, 0.7426490128942969, 0.7435225762429315, 0.7421548249149538, 0.7445472905245224, 0.7436778686422406, 0.7456719667600926, 0.7475385559571437, 0.7487023378513317, 0.7510048678291728, 0.749263299781421, 0.7512920503297739, 0.7499875238554817, 0.7523156882399437, 0.7540470703102503]}